-- --------------------------------------------------------
-- Servidor:                     127.0.0.1
-- Versão do servidor:           5.7.17-log - MySQL Community Server (GPL)
-- OS do Servidor:               Win64
-- HeidiSQL Versão:              9.4.0.5125
-- --------------------------------------------------------

/*!40101 SET @OLD_CHARACTER_SET_CLIENT=@@CHARACTER_SET_CLIENT */;
/*!40101 SET NAMES utf8 */;
/*!50503 SET NAMES utf8mb4 */;
/*!40014 SET @OLD_FOREIGN_KEY_CHECKS=@@FOREIGN_KEY_CHECKS, FOREIGN_KEY_CHECKS=0 */;
/*!40101 SET @OLD_SQL_MODE=@@SQL_MODE, SQL_MODE='NO_AUTO_VALUE_ON_ZERO' */;


-- Copiando estrutura do banco de dados para scpj
CREATE DATABASE IF NOT EXISTS `scpj` /*!40100 DEFAULT CHARACTER SET latin1 */;
USE `scpj`;

-- Copiando estrutura para tabela scpj.campeoes
CREATE TABLE IF NOT EXISTS `campeoes` (
  `Id` int(11) NOT NULL AUTO_INCREMENT,
  `Nome` varchar(50) NOT NULL,
  `Classe` varchar(50) NOT NULL,
  `RotaChamp` varchar(50) NOT NULL,
  `RotaSec` varchar(50) DEFAULT 'Não Possui',
  `IdCounter` int(11) NOT NULL,
  `IdComba` int(11) NOT NULL,
  PRIMARY KEY (`Id`),
  KEY `IdCounter` (`IdCounter`),
  KEY `IdComba` (`IdComba`),
  CONSTRAINT `Combas` FOREIGN KEY (`IdComba`) REFERENCES `combapick` (`IdComba`),
  CONSTRAINT `Counters` FOREIGN KEY (`IdCounter`) REFERENCES `counterpick` (`IdCounter`)
) ENGINE=InnoDB AUTO_INCREMENT=140 DEFAULT CHARSET=latin1 COMMENT='Aqui ficará armazenado os dados de cada campeão';

-- Copiando dados para a tabela scpj.campeoes: ~139 rows (aproximadamente)
/*!40000 ALTER TABLE `campeoes` DISABLE KEYS */;
INSERT INTO `campeoes` (`Id`, `Nome`, `Classe`, `RotaChamp`, `RotaSec`, `IdCounter`, `IdComba`) VALUES
	(1, 'Aatrox', 'Lutador', 'Topo', 'Selva', 1, 1),
	(2, 'Ahri', 'Mago', 'Meio', 'Suporte', 2, 2),
	(3, 'Akali', 'Assassino', 'Meio', 'Topo', 3, 3),
	(4, 'Alistar', 'Tanque', 'Suporte', 'Topo', 4, 4),
	(5, 'Amumu', 'Tanque', 'Selva', 'Topo', 5, 5),
	(6, 'Anivia', 'Mago', 'Meio', 'Suporte', 6, 6),
	(7, 'Annie', 'Mago', 'Meio', 'Suporte', 7, 7),
	(8, 'Ashe', 'Atirador', 'Atirador', 'Suporte', 8, 8),
	(9, 'Aurelion Sol', 'Mago', 'Meio', 'Jungler', 9, 9),
	(10, 'Azir', 'Mago', 'Meio', 'Não Posui', 10, 10),
	(11, 'Bardo', 'Mago', 'Suporte', 'Não Posui', 11, 11),
	(12, 'Blitzcrank', 'Tanque', 'Suporte', 'Não Posui', 12, 12),
	(13, 'Brand', 'Mago', 'Meio', 'Suporte', 13, 13),
	(14, 'Braum', 'Tanque', 'Suporte', 'Não Posui', 14, 14),
	(15, 'Caitlyn', 'Atirador', 'Atirador', 'Não Posui', 15, 15),
	(16, 'Camille', 'Lutador', 'Topo', 'Suporte', 16, 16),
	(17, 'Cassiopeia', 'Mago', 'Meio', 'Topo', 17, 17),
	(18, 'Cho\'Gath', 'Lutador', 'Meio', 'Topo', 18, 18),
	(19, 'Corki', 'Atirador', 'Atirador', 'Meio', 19, 19),
	(20, 'Darius', 'Lutador', 'Topo', 'Não Posui', 20, 20),
	(21, 'Diana', 'Lutador', 'Meio', 'Topo', 21, 21),
	(22, 'Dr.Mundo', 'Tanque', 'Topo', 'Selva', 22, 22),
	(23, 'Draven', 'Atirador', 'Atirador', 'Não Posui', 23, 23),
	(24, 'Ekko', 'Assassino', 'Meio', 'Topo', 24, 24),
	(25, 'Elise', 'Mago', 'Selva', 'Não Posui', 25, 25),
	(26, 'Evelynn', 'Mago', 'Selva', 'Não Posui', 26, 26),
	(27, 'Ezreal', 'Atirador', 'Atirador', 'Meio', 27, 27),
	(28, 'Fiddlesticks', 'Mago', 'Selva', 'Não Posui', 28, 28),
	(29, 'Fiora', 'Lutador', 'Topo', 'Não Posui', 29, 29),
	(30, 'Fizz', 'Assassino', 'Meio', 'Topo', 30, 30),
	(31, 'Galio', 'Lutador', 'Topo', 'Meio', 31, 31),
	(32, 'Gangplank', 'Lutador', 'Topo', 'Meio', 32, 32),
	(33, 'Garen', 'Tanque', 'Topo', 'Não Posui', 33, 33),
	(34, 'Gnar', 'Tanque', 'Topo', 'Não Posui', 34, 34),
	(35, 'Gragas', 'Lutador', 'Selva', 'Não Posui', 35, 35),
	(36, 'Graves', 'Atirador', 'Selva', 'Topo', 36, 36),
	(37, 'Hecarim', 'Lutador', 'Selva', 'Topo', 37, 37),
	(38, 'Heimerdinger', 'Mago', 'Meio', 'Topo', 38, 38),
	(39, 'Illaoi', 'Lutador', 'Topo', 'Não Posui', 39, 39),
	(40, 'Irelia', 'Lutador', 'Topo', 'Selva', 40, 40),
	(41, 'Ivern', 'Mago', 'Selva', 'Suporte', 41, 41),
	(42, 'Janna', 'Mago', 'Suporte', 'Não Posui', 42, 42),
	(43, 'Jarvan IV', 'Lutador', 'Selva', 'Topo', 43, 43),
	(44, 'Jax', 'Lutador', 'Topo', 'Selva', 44, 44),
	(45, 'Jayce', 'Lutador', 'Topo', 'Meio', 45, 45),
	(46, 'Jhin', 'Atirador', 'Atirador', 'Não Posui', 46, 46),
	(47, 'Jinx', 'Atirador', 'Atirador', 'Não Posui', 47, 47),
	(48, 'Kalista', 'Atirador', 'Atirador', 'Não Posui', 48, 48),
	(49, 'Karma', 'Mago', 'Suporte', 'Meio', 49, 49),
	(50, 'Karthus', 'Mago', 'Meio', 'Não Posui', 50, 50),
	(51, 'Kassadin', 'Assassino', 'Meio', 'Topo', 51, 51),
	(52, 'Katarina', 'Assassino', 'Meio', 'Não Posui', 52, 52),
	(53, 'Kayle', 'Mago', 'Topo', 'Meio', 53, 53),
	(54, 'Kayn', 'Assassino', 'Selva', 'Meio', 54, 54),
	(55, 'Kennen', 'Mago', 'Topo', 'Meio', 55, 55),
	(56, 'Kha\'Zix', 'Assassino', 'Selva', 'Não Posui', 56, 56),
	(57, 'Kindred', 'Atirador', 'Selva', 'Não Posui', 57, 57),
	(58, 'Kled', 'Lutador', 'Topo', 'Não Posui', 58, 58),
	(59, 'Kog\'Maw', 'Atirador', 'Atirador', 'Não Posui', 59, 59),
	(60, 'LeBlanc', 'Assassino', 'Meio', 'Topo', 60, 60),
	(61, 'Lee Sin', 'Lutador', 'Selva', 'Não Posui', 61, 61),
	(62, 'Leona', 'Tanque', 'Suporte', 'Não Posui', 62, 62),
	(63, 'Lissandra', 'Mago', 'Meio', 'Topo', 63, 63),
	(64, 'Lucian', 'Atirador', 'Atirador', 'Não Posui', 64, 64),
	(65, 'Lulu', 'Mago', 'Suporte', 'Meio', 65, 65),
	(66, 'Lux', 'Mago', 'Meio', 'Suporte', 66, 66),
	(67, 'Malphite', 'Tanque', 'Topo', 'Suporte', 67, 67),
	(68, 'Malzahar', 'Mago', 'Meio', 'Suporte', 68, 68),
	(69, 'Maokai', 'Tanque', 'Topo', 'Jungler', 69, 69),
	(70, 'Master Yi', 'Lutador', 'Selva', 'Não Posui', 70, 70),
	(71, 'Miss Fortune', 'Atirador', 'Atirador', 'Suporte', 71, 71),
	(72, 'Mordekaiser', 'Lutador', 'Topo', 'Não Posui', 72, 72),
	(73, 'Morgana', 'Mago', 'Meio', 'Suporte', 73, 73),
	(74, 'Nami', 'Mago', 'Suporte', 'Não Posui', 74, 74),
	(75, 'Nasus', 'Lutador', 'Topo', 'Não Posui', 75, 75),
	(76, 'Nautilus', 'Tanque', 'Topo', 'Suporte', 76, 76),
	(77, 'Nidalee', 'Mago', 'Selva', 'Não Posui', 77, 77),
	(78, 'Nocturne', 'Assassino', 'Selva', 'Não Posui', 78, 78),
	(79, 'Nunu', 'Tanque', 'Selva', 'Não Posui', 79, 79),
	(80, 'Olaf', 'Lutador', 'Selva', 'Topo', 80, 80),
	(81, 'Orianna', 'Mago', 'Meio', 'Não Posui', 81, 81),
	(82, 'Ornn', 'Tanque', 'Topo', 'Selva', 82, 82),
	(83, 'Pantheon', 'Lutador', 'Selva', 'Topo', 83, 83),
	(84, 'Poppy', 'Tanque', 'Topo', 'Não Posui', 84, 84),
	(85, 'Quinn', 'Atirador', 'Topo', 'Não Posui', 85, 85),
	(86, 'Rakan', 'Tanque', 'Suporte', 'Não Posui', 86, 86),
	(87, 'Rammus', 'Tanque', 'Topo', 'Topo', 87, 87),
	(88, 'Rek\'Sai', 'Lutador', 'Selva', 'Topo', 88, 88),
	(89, 'Renekton', 'Lutador', 'Topo', 'Não Posui', 89, 89),
	(90, 'Rengar', 'Assassino', 'Selva', 'Topo', 90, 90),
	(91, 'Riven', 'Lutador', 'Topo', 'Meio', 91, 91),
	(92, 'Rumble', 'Mago', 'Topo', 'Selva', 92, 92),
	(93, 'Ryze', 'Mago', 'Topo', 'Meio', 93, 93),
	(94, 'Sejuani', 'Tanque', 'Selva', 'Não Posui', 94, 94),
	(95, 'Shaco', 'Assassino', 'Selva', 'Não Posui', 95, 95),
	(96, 'Shen', 'Tanque', 'Topo', 'Suporte', 96, 96),
	(97, 'Shyvanna', 'Lutador', 'Topo', 'Selva', 97, 97),
	(98, 'Singed', 'Mago', 'Topo', 'Não Posui', 98, 98),
	(99, 'Sion', 'Tanque', 'Topo', 'Selva', 99, 99),
	(100, 'Sivir', 'Atirador', 'Atirador', 'Não Posui', 100, 100),
	(101, 'Skarner', 'Lutador', 'Selva', 'Não Posui', 101, 101),
	(102, 'Sona', 'Mago', 'Suporte', 'Não Posui', 102, 102),
	(103, 'Soraka', 'Mago', 'Suporte', 'Não Posui', 103, 103),
	(104, 'Swain', 'Mago', 'Topo', 'Meio', 104, 104),
	(105, 'Syndra', 'Mago', 'Meio', 'Não Posui', 105, 105),
	(106, 'Tahm Kench', 'Tanque', 'Suporte', 'Topo', 106, 106),
	(107, 'Taliyah', 'Mago', 'Meio', 'Não Posui', 107, 107),
	(108, 'Talon', 'Assassino', 'Meio', 'Topo', 108, 108),
	(109, 'Taric', 'Tanque', 'Suporte', 'Topo', 109, 109),
	(110, 'Teemo', 'Mago', 'Topo', 'Meio', 110, 110),
	(111, 'Thresh', 'Tanque', 'Suporte', 'Não Posui', 111, 111),
	(112, 'Tristana', 'Atirador', 'Atirador', 'Não Posui', 112, 112),
	(113, 'Trundle', 'Lutador', 'Topo', 'Selva', 113, 113),
	(114, 'Tryndamere', 'Lutador', 'Topo', 'Selva', 114, 114),
	(115, 'Twisted Fate', 'Mago', 'Meio', 'Topo', 115, 115),
	(116, 'Twitch', 'Atirador', 'Atirador', 'Selva', 116, 116),
	(117, 'Udyr', 'Lutador', 'Selva', 'Não Posui', 117, 117),
	(118, 'Urgot', 'Atirador', 'Topo', 'Meio', 118, 118),
	(119, 'Varus', 'Atirador', 'Atirador', 'Não Posui', 119, 119),
	(120, 'Vayne', 'Atirador', 'Atirador', 'Não Posui', 120, 120),
	(121, 'Veigar', 'Mago', 'Meio', 'Suporte', 121, 121),
	(122, 'Vel\'Koz', 'Mago', 'Meio', 'Suporte', 122, 122),
	(123, 'Vi', 'Lutador', 'Selva', 'Não Posui', 123, 123),
	(124, 'Viktor', 'Mago', 'Meio', 'Não Posui', 124, 124),
	(125, 'Vladimir', 'Mago', 'Meio', 'Topo', 125, 125),
	(126, 'Volibear', 'Tanque', 'Topo', 'Selva', 126, 126),
	(127, 'Warwick', 'Lutador', 'Selva', 'Topo', 127, 127),
	(128, 'Wukong', 'Lutador', 'Topo', 'Selva', 128, 128),
	(129, 'Xayah', 'Atirador', 'Atirador', 'Não Posui', 129, 129),
	(130, 'Xerath', 'Mago', 'Meio', 'Suporte', 130, 130),
	(131, 'Xin Zhao', 'Lutador', 'Selva', 'Topo', 131, 131),
	(132, 'Yasuo', 'Lutador', 'Meio', 'Topo', 132, 132),
	(133, 'Yorick', 'Lutador', 'Topo', 'Não Posui', 133, 133),
	(134, 'Zac', 'Tanque', 'Selva', 'Não Posui', 134, 134),
	(135, 'Zed', 'Assassino', 'Meio', 'Topo', 135, 135),
	(136, 'Ziggs', 'Mago', 'Meio', 'Atirador', 136, 136),
	(137, 'Zilean', 'Mago', 'Meio', 'Suporte', 137, 137),
	(138, 'Zoe', 'Mago', 'Meio', 'Suporte', 138, 138),
	(139, 'Zyra', 'Mago', 'Suporte', 'Meio', 139, 139);
/*!40000 ALTER TABLE `campeoes` ENABLE KEYS */;

-- Copiando estrutura para tabela scpj.champsfav
CREATE TABLE IF NOT EXISTS `champsfav` (
  `Id` int(11) NOT NULL AUTO_INCREMENT,
  `IdJogador` int(11) NOT NULL DEFAULT '0',
  `NomeChamp1` varchar(50) NOT NULL DEFAULT '0',
  `RotaChamp1` varchar(50) NOT NULL,
  `NomeChamp2` varchar(50) NOT NULL DEFAULT '0',
  `RotaChamp2` varchar(50) NOT NULL,
  `NomeChamp3` varchar(50) NOT NULL DEFAULT '0',
  `RotaChamp3` varchar(50) NOT NULL,
  PRIMARY KEY (`Id`)
) ENGINE=InnoDB AUTO_INCREMENT=3 DEFAULT CHARSET=latin1 COMMENT='Campeões favoritos do jogador';

-- Copiando dados para a tabela scpj.champsfav: ~2 rows (aproximadamente)
/*!40000 ALTER TABLE `champsfav` DISABLE KEYS */;
INSERT INTO `champsfav` (`Id`, `IdJogador`, `NomeChamp1`, `RotaChamp1`, `NomeChamp2`, `RotaChamp2`, `NomeChamp3`, `RotaChamp3`) VALUES
	(1, 4, 'Azir', 'Meio', 'Gnar', 'Topo', 'Taliyah', 'Meio'),
	(2, 6, 'Azir', 'Meio', 'Aatrox', 'Selva', 'Cassiopeia', 'Topo');
/*!40000 ALTER TABLE `champsfav` ENABLE KEYS */;

-- Copiando estrutura para tabela scpj.combapick
CREATE TABLE IF NOT EXISTS `combapick` (
  `IdComba` int(11) NOT NULL AUTO_INCREMENT,
  `Comba1` int(11) NOT NULL,
  `Comba2` int(11) NOT NULL,
  `Comba3` int(11) NOT NULL,
  PRIMARY KEY (`IdComba`)
) ENGINE=InnoDB AUTO_INCREMENT=140 DEFAULT CHARSET=latin1 COMMENT='Aqui jaz os campeões que combam';

-- Copiando dados para a tabela scpj.combapick: ~139 rows (aproximadamente)
/*!40000 ALTER TABLE `combapick` DISABLE KEYS */;
INSERT INTO `combapick` (`IdComba`, `Comba1`, `Comba2`, `Comba3`) VALUES
	(1, 34, 132, 10),
	(2, 44, 11, 40),
	(3, 21, 60, 52),
	(4, 135, 120, 15),
	(5, 52, 73, 28),
	(6, 43, 22, 120),
	(7, 47, 5, 64),
	(8, 62, 42, 139),
	(9, 94, 43, 115),
	(10, 1, 135, 89),
	(11, 15, 100, 120),
	(12, 120, 47, 20),
	(13, 125, 43, 102),
	(14, 64, 15, 120),
	(15, 111, 62, 12),
	(16, 81, 109, 111),
	(17, 110, 98, 133),
	(18, 84, 65, 135),
	(19, 62, 111, 12),
	(20, 23, 33, 12),
	(21, 3, 135, 51),
	(22, 110, 77, 1),
	(23, 20, 62, 12),
	(24, 34, 55, 5),
	(25, 90, 49, 12),
	(26, 96, 81, 18),
	(27, 102, 62, 66),
	(28, 55, 81, 5),
	(29, 73, 5, 43),
	(30, 5, 43, 74),
	(31, 5, 43, 111),
	(32, 115, 83, 5),
	(33, 66, 131, 20),
	(34, 24, 65, 43),
	(35, 56, 57, 132),
	(36, 109, 102, 103),
	(37, 45, 42, 137),
	(38, 101, 5, 12),
	(39, 73, 62, 12),
	(40, 91, 2, 3),
	(41, 90, 80, 15),
	(42, 135, 8, 15),
	(43, 34, 29, 30),
	(44, 2, 81, 83),
	(45, 12, 37, 62),
	(46, 73, 62, 76),
	(47, 12, 73, 111),
	(48, 7, 67, 4),
	(49, 64, 120, 15),
	(50, 133, 53, 103),
	(51, 21, 61, 18),
	(52, 73, 5, 67),
	(53, 75, 114, 52),
	(54, 135, 68, 111),
	(55, 24, 125, 5),
	(56, 90, 131, 75),
	(57, 11, 66, 35),
	(58, 65, 37, 33),
	(59, 79, 65, 103),
	(60, 121, 3, 117),
	(61, 110, 132, 93),
	(62, 47, 23, 64),
	(63, 113, 94, 8),
	(64, 14, 111, 62),
	(65, 75, 34, 89),
	(66, 33, 47, 15),
	(67, 135, 52, 81),
	(68, 127, 101, 5),
	(69, 121, 93, 104),
	(70, 66, 73, 8),
	(71, 102, 111, 62),
	(72, 133, 5, 67),
	(73, 47, 46, 52),
	(74, 30, 120, 64),
	(75, 89, 65, 135),
	(76, 46, 132, 8),
	(77, 45, 22, 119),
	(78, 115, 90, 68),
	(79, 120, 15, 59),
	(80, 20, 5, 1),
	(81, 67, 44, 128),
	(82, 8, 132, 76),
	(83, 44, 131, 20),
	(84, 44, 18, 6),
	(85, 12, 111, 74),
	(86, 129, 15, 46),
	(87, 2, 30, 8),
	(88, 132, 63, 73),
	(89, 75, 2, 65),
	(90, 56, 96, 81),
	(91, 132, 2, 5),
	(92, 5, 81, 43),
	(93, 44, 61, 69),
	(94, 24, 108, 63),
	(95, 96, 81, 12),
	(96, 2, 135, 115),
	(97, 91, 96, 81),
	(98, 117, 110, 126),
	(99, 108, 98, 83),
	(100, 103, 109, 111),
	(101, 38, 68, 72),
	(102, 27, 71, 8),
	(103, 27, 119, 100),
	(104, 125, 69, 4),
	(105, 134, 74, 111),
	(106, 48, 24, 47),
	(107, 84, 61, 132),
	(108, 135, 5, 94),
	(109, 27, 83, 36),
	(110, 17, 61, 12),
	(111, 120, 47, 64),
	(112, 12, 4, 111),
	(113, 6, 63, 120),
	(114, 8, 53, 137),
	(115, 96, 32, 78),
	(116, 12, 62, 74),
	(117, 60, 93, 11),
	(118, 103, 62, 111),
	(119, 103, 62, 102),
	(120, 12, 111, 4),
	(121, 60, 127, 69),
	(122, 5, 132, 1),
	(123, 132, 135, 39),
	(124, 18, 102, 43),
	(125, 55, 5, 43),
	(126, 110, 98, 8),
	(127, 121, 68, 61),
	(128, 132, 81, 52),
	(129, 86, 111, 65),
	(130, 5, 119, 43),
	(131, 33, 83, 132),
	(132, 67, 128, 42),
	(133, 17, 72, 120),
	(134, 105, 132, 65),
	(135, 108, 96, 123),
	(136, 5, 67, 43),
	(137, 114, 105, 98),
	(138, 111, 93, 21),
	(139, 8, 71, 132);
/*!40000 ALTER TABLE `combapick` ENABLE KEYS */;

-- Copiando estrutura para tabela scpj.composicao
CREATE TABLE IF NOT EXISTS `composicao` (
  `ID` int(11) NOT NULL AUTO_INCREMENT,
  `Estilo` varchar(50) NOT NULL,
  `Topo` varchar(50) NOT NULL,
  `Selva` varchar(50) NOT NULL,
  `Meio` varchar(50) NOT NULL,
  `Atirador` varchar(50) NOT NULL,
  `Suporte` varchar(50) NOT NULL,
  `Counter1` varchar(50) NOT NULL,
  `Counter2` varchar(50) NOT NULL,
  `Counter3` varchar(50) NOT NULL,
  PRIMARY KEY (`ID`)
) ENGINE=InnoDB AUTO_INCREMENT=15 DEFAULT CHARSET=latin1;

-- Copiando dados para a tabela scpj.composicao: ~11 rows (aproximadamente)
/*!40000 ALTER TABLE `composicao` DISABLE KEYS */;
INSERT INTO `composicao` (`ID`, `Estilo`, `Topo`, `Selva`, `Meio`, `Atirador`, `Suporte`, `Counter1`, `Counter2`, `Counter3`) VALUES
	(1, 'Monte targon', 'Pantheon', 'Diana', 'Aurelion Sol', 'Zoe', 'leona', 'Shen', 'Zed', 'Morgana'),
	(2, 'Ionia', 'Shen', 'Lee Sin', 'Sydra', 'Jhin', 'Karma', 'Yasuo', 'Trundle', 'Tristana'),
	(3, 'Freljord', 'Trundle', 'Sejuani', 'Lissandra', 'Ashe', 'Braum', 'Xin Zhao', 'Kassadin', 'Ezreal'),
	(4, 'Demácia', 'Garen', 'Jarvan IV', 'Lux', 'Lucian', 'Sona', 'Fizz', 'Vayne', 'Gnar'),
	(5, 'Águas de Sentina', 'Gangplank', 'Graves', 'Twisted fate', 'Miss Fortune', 'Nautilus', 'Ahri', 'Fiora', 'Kha\'Zix'),
	(6, 'Noxus', 'Darius', 'Riven', 'LeBlanc', 'Draven', 'Sion', 'Jayce', 'Caitlyn', 'Galio'),
	(7, 'Piltover', 'Camile', 'Vi', 'Jayce', 'Caitlyn', 'Orianna', 'Malphite', 'Irelia', 'Jinx'),
	(8, 'Ilha das Sombras', 'Yorick', 'Hecarim', 'Karthus', 'Kalista', 'Thresh', 'Nasus', 'Katarina', 'Ashe'),
	(9, 'Shurima', 'Nasus', 'Rammus', 'Azir', 'Sirvir', 'Zielan', 'Trundle', 'Ziggs', 'Darius'),
	(10, 'Zaun', 'Urgot', 'Warwirck', 'Ekko', 'Jinx', 'Janna', 'Soraka', 'LeBlanc', 'Ezreal'),
	(11, 'Hard Engage', 'Maokai', 'Jarvan IV', 'Orianna', 'Varus', 'Braum', 'Janna', 'Sejuani', 'Poppy');
/*!40000 ALTER TABLE `composicao` ENABLE KEYS */;

-- Copiando estrutura para tabela scpj.counterpick
CREATE TABLE IF NOT EXISTS `counterpick` (
  `IdCounter` int(11) NOT NULL AUTO_INCREMENT,
  `Counter1` int(11) NOT NULL,
  `Counter2` int(11) NOT NULL,
  `Counter3` int(11) NOT NULL,
  PRIMARY KEY (`IdCounter`)
) ENGINE=InnoDB AUTO_INCREMENT=140 DEFAULT CHARSET=latin1 COMMENT='Aqui jaz os counterpicks do campeoes';

-- Copiando dados para a tabela scpj.counterpick: ~139 rows (aproximadamente)
/*!40000 ALTER TABLE `counterpick` DISABLE KEYS */;
INSERT INTO `counterpick` (`IdCounter`, `Counter1`, `Counter2`, `Counter3`) VALUES
	(1, 83, 44, 24),
	(2, 30, 105, 7),
	(3, 68, 7, 61),
	(4, 73, 120, 42),
	(5, 131, 132, 95),
	(6, 132, 21, 81),
	(7, 81, 13, 52),
	(8, 23, 47, 27),
	(9, 135, 3, 108),
	(10, 60, 135, 2),
	(11, 12, 102, 13),
	(12, 73, 4, 111),
	(13, 30, 24, 2),
	(14, 73, 111, 42),
	(15, 47, 100, 64),
	(16, 29, 84, 44),
	(17, 60, 30, 2),
	(18, 33, 89, 127),
	(19, 15, 71, 27),
	(20, 34, 89, 110),
	(21, 18, 38, 135),
	(22, 80, 113, 20),
	(23, 47, 15, 120),
	(24, 60, 29, 2),
	(25, 77, 61, 131),
	(26, 68, 127, 66),
	(27, 48, 120, 112),
	(28, 18, 42, 60),
	(29, 67, 20, 91),
	(30, 38, 60, 132),
	(31, 42, 121, 135),
	(32, 29, 34, 91),
	(33, 34, 110, 75),
	(34, 91, 44, 40),
	(35, 26, 34, 135),
	(36, 47, 23, 71),
	(37, 75, 56, 123),
	(38, 121, 136, 66),
	(39, 20, 34, 39),
	(40, 89, 33, 44),
	(41, 12, 131, 36),
	(42, 12, 102, 74),
	(43, 96, 39, 34),
	(44, 114, 34, 89),
	(45, 40, 83, 113),
	(46, 64, 120, 15),
	(47, 48, 15, 8),
	(48, 120, 15, 8),
	(49, 74, 121, 2),
	(50, 124, 106, 6),
	(51, 135, 38, 52),
	(52, 7, 21, 51),
	(53, 33, 110, 132),
	(54, 57, 127, 89),
	(55, 34, 80, 42),
	(56, 90, 2, 61),
	(57, 61, 21, 35),
	(58, 29, 106, 44),
	(59, 12, 64, 71),
	(60, 31, 73, 108),
	(61, 113, 117, 83),
	(62, 73, 4, 42),
	(63, 51, 105, 21),
	(64, 120, 23, 112),
	(65, 105, 103, 81),
	(66, 108, 35, 30),
	(67, 92, 134, 96),
	(68, 32, 73, 105),
	(69, 97, 75, 83),
	(70, 44, 83, 114),
	(71, 112, 23, 109),
	(72, 139, 66, 133),
	(73, 49, 108, 135),
	(74, 65, 27, 30),
	(75, 80, 110, 92),
	(76, 97, 133, 123),
	(77, 132, 83, 3),
	(78, 80, 61, 4),
	(79, 17, 102, 100),
	(80, 53, 25, 133),
	(81, 136, 105, 21),
	(82, 20, 44, 29),
	(83, 80, 25, 96),
	(84, 80, 20, 89),
	(85, 15, 119, 71),
	(86, 11, 65, 73),
	(87, 113, 88, 103),
	(88, 30, 20, 40),
	(89, 113, 120, 25),
	(90, 44, 29, 83),
	(91, 33, 83, 55),
	(92, 133, 124, 25),
	(93, 17, 81, 130),
	(94, 131, 26, 123),
	(95, 61, 117, 97),
	(96, 133, 45, 127),
	(97, 80, 83, 113),
	(98, 110, 53, 34),
	(99, 83, 33, 91),
	(100, 120, 23, 116),
	(101, 73, 113, 131),
	(102, 12, 62, 111),
	(103, 34, 71, 2),
	(104, 124, 66, 105),
	(105, 30, 53, 132),
	(106, 42, 120, 98),
	(107, 135, 52, 105),
	(108, 133, 61, 83),
	(109, 100, 65, 73),
	(110, 133, 83, 92),
	(111, 65, 73, 4),
	(112, 19, 21, 64),
	(113, 136, 20, 83),
	(114, 110, 87, 83),
	(115, 30, 21, 132),
	(116, 61, 15, 19),
	(117, 8, 25, 44),
	(118, 11, 103, 36),
	(119, 36, 64, 100),
	(120, 15, 85, 20),
	(121, 30, 108, 135),
	(122, 132, 60, 30),
	(123, 91, 83, 44),
	(124, 13, 136, 135),
	(125, 104, 43, 28),
	(126, 110, 25, 45),
	(127, 133, 104, 89),
	(128, 61, 20, 83),
	(129, 71, 112, 23),
	(130, 2, 135, 105),
	(131, 44, 29, 83),
	(132, 44, 68, 53),
	(133, 18, 113, 79),
	(134, 123, 137, 133),
	(135, 53, 44, 63),
	(136, 60, 105, 132),
	(137, 7, 100, 12),
	(138, 135, 121, 52),
	(139, 30, 52, 108);
/*!40000 ALTER TABLE `counterpick` ENABLE KEYS */;

-- Copiando estrutura para tabela scpj.jogador
CREATE TABLE IF NOT EXISTS `jogador` (
  `Id` int(11) NOT NULL AUTO_INCREMENT,
  `Nome` varchar(50) NOT NULL DEFAULT '0',
  `Senha` varchar(50) NOT NULL DEFAULT '0',
  `Rota1` varchar(50) DEFAULT '0',
  `Rota2` varchar(50) DEFAULT '0',
  PRIMARY KEY (`Id`)
) ENGINE=InnoDB AUTO_INCREMENT=8 DEFAULT CHARSET=latin1 COMMENT='Aqui ficará armazenado os dados do jogador';

-- Copiando dados para a tabela scpj.jogador: ~1 rows (aproximadamente)
/*!40000 ALTER TABLE `jogador` DISABLE KEYS */;
INSERT INTO `jogador` (`Id`, `Nome`, `Senha`, `Rota1`, `Rota2`) VALUES
	(4, 'Dilam', '123', 'Topo', 'Selva');
/*!40000 ALTER TABLE `jogador` ENABLE KEYS */;

/*!40101 SET SQL_MODE=IFNULL(@OLD_SQL_MODE, '') */;
/*!40014 SET FOREIGN_KEY_CHECKS=IF(@OLD_FOREIGN_KEY_CHECKS IS NULL, 1, @OLD_FOREIGN_KEY_CHECKS) */;
/*!40101 SET CHARACTER_SET_CLIENT=@OLD_CHARACTER_SET_CLIENT */;
